TAZ_ID,Town,Population,Households
1,Boston,727,0
2,Boston,1234,668
3,Boston,1423,886
4,Boston,906,526
5,Boston,2170,1337
6,Boston,2608,1609
7,Boston,884,428
8,Boston,1697,933
9,Boston,1758,951
10,Boston,1845,1053
11,Boston,2197,1145
12,Boston,467,201
13,Boston,1285,728
14,Boston,627,296
15,Boston,0,0
16,Boston,0,0
17,Boston,592,256
18,Boston,378,179
19,Boston,2738,1521
20,Boston,254,76
21,Boston,4843,3119
22,Boston,0,0
23,Boston,15,4
24,Boston,605,225
25,Boston,2665,1455
26,Boston,2169,1125
27,Boston,3254,1949
28,Boston,2819,1528
29,Boston,94,0
30,Boston,1511,795
31,Boston,349,129
32,Boston,1699,800
33,Boston,216,84
34,Boston,1142,395
35,Boston,0,0
36,Boston,445,95
37,Boston,261,97
38,Boston,0,0
39,Boston,749,195
40,Boston,43,10
41,Boston,4,2
42,Boston,811,412
43,Boston,0,0
44,Boston,0,0
45,Boston,12,3
46,Boston,85,28
47,Boston,653,288
48,Boston,108,35
49,Boston,0,0
50,Boston,617,306
51,Boston,100,35
52,Boston,1160,451
53,Boston,0,0
54,Boston,0,0
55,Boston,41,4
56,Boston,0,0
57,Boston,0,0
58,Boston,0,0
59,Boston,0,0
60,Boston,0,0
61,Boston,620,286
62,Boston,2550,1032
63,Boston,102,0
64,Boston,198,32
65,Boston,155,57
66,Boston,371,177
67,Boston,0,0
68,Boston,0,0
69,Boston,985,384
70,Boston,743,368
71,Boston,0,0
72,Boston,466,168
73,Boston,473,215
74,Boston,2800,707
75,Boston,2200,1309
76,Boston,1196,621
77,Boston,2071,1101
78,Boston,1528,860
79,Boston,318,161
80,Boston,6,0
81,Boston,708,294
82,Boston,1502,645
83,Boston,3638,1656
84,Boston,2284,1272
85,Boston,2719,1554
86,Boston,2698,1352
87,Boston,831,474
88,Boston,682,310
89,Boston,964,122
90,Boston,233,100
91,Boston,543,218
92,Boston,2595,1477
93,Boston,368,139
94,Boston,896,392
95,Boston,409,183
96,Boston,0,0
97,Boston,51,14
98,Boston,0,0
99,Boston,0,0
100,Boston,0,0
101,Boston,628,276
102,Boston,1480,890
103,Boston,1428,830
104,Boston,450,250
105,Boston,1401,794
106,Boston,1741,1020
107,Boston,3988,2463
108,Boston,424,2
109,Boston,1529,813
110,Boston,2779,1293
111,Boston,1303,732
112,Boston,2796,1638
113,Boston,1095,592
114,Boston,4472,2133
115,Boston,2639,1562
116,Boston,3128,1797
117,Boston,1862,926
118,Boston,988,522
119,Boston,2565,1378
120,Boston,2549,1265
121,Boston,2183,1072
122,Boston,2927,1498
123,Boston,3159,1352
124,Boston,3228,1533
125,Boston,1452,771
126,Boston,487,185
127,Boston,1524,856
128,Boston,1365,808
129,Boston,340,2
130,Boston,0,0
131,Boston,3541,0
132,Boston,0,0
133,Boston,2577,1238
134,Boston,3045,1269
135,Boston,2531,1388
136,Boston,1972,986
137,Boston,950,506
138,Boston,0,0
139,Boston,1507,761
140,Boston,581,305
141,Boston,0,0
142,Boston,207,0
143,Boston,566,261
144,Boston,634,302
145,Boston,1766,1045
146,Boston,0,0
147,Boston,1939,941
148,Boston,1259,591
149,Boston,0,0
150,Boston,464,239
151,Boston,3103,1505
152,Boston,3596,1554
153,Boston,2023,948
154,Boston,3404,1732
155,Boston,3606,1358
156,Boston,3424,1826
157,Boston,1011,398
158,Boston,2245,1041
159,Boston,0,0
160,Boston,2908,1167
161,Boston,2118,1040
162,Boston,3654,1625
163,Boston,3094,1429
164,Boston,3902,1608
165,Boston,3836,1959
166,Boston,1902,596
167,Boston,6257,3116
168,Boston,999,556
169,Boston,2661,1208
170,Boston,2840,1500
171,Boston,1200,545
172,Boston,3483,1640
173,Boston,1966,855
174,Boston,1062,528
175,Boston,4030,1782
176,Boston,580,213
177,Boston,3370,1332
178,Boston,3524,1390
179,Boston,1936,762
180,Boston,4795,1948
181,Boston,2356,978
182,Boston,0,0
183,Boston,720,297
184,Boston,0,0
185,Boston,0,0
186,Boston,2352,1090
187,Boston,3129,1565
188,Boston,2188,886
189,Boston,2628,1123
190,Boston,3024,1575
191,Boston,2111,851
192,Boston,357,154
193,Boston,1264,734
194,Boston,1463,840
195,Boston,39,0
196,Boston,5216,2760
197,Boston,3738,1916
198,Boston,2349,1283
199,Boston,2602,1196
200,Boston,2631,1289
201,Boston,3214,1775
202,Boston,327,145
203,Boston,204,60
204,Boston,522,177
205,Boston,2018,991
206,Boston,152,76
207,Boston,3040,1208
208,Boston,2636,1256
209,Boston,2632,1033
210,Boston,4406,489
211,Boston,1793,925
212,Boston,2041,927
213,Boston,2689,1337
214,Boston,927,452
215,Boston,1939,1010
216,Boston,1589,845
217,Boston,1916,1150
218,Boston,3039,1776
219,Boston,1994,1178
220,Boston,4453,2563
221,Boston,2143,1207
222,Boston,585,283
223,Boston,1462,792
224,Boston,1708,750
225,Boston,2078,998
226,Boston,1240,598
227,Boston,1944,861
228,Boston,0,0
229,Boston,2602,1266
230,Boston,1774,916
231,Boston,2435,1432
232,Boston,3233,1887
233,Boston,2716,1414
234,Boston,1976,884
235,Boston,1963,988
236,Boston,1537,796
237,Boston,1819,879
238,Boston,1671,200
239,Boston,929,476
240,Boston,2051,861
241,Boston,392,170
242,Boston,1761,719
243,Boston,2590,1126
244,Boston,5561,1752
245,Boston,1202,305
246,Boston,1137,656
247,Boston,1669,829
248,Boston,1642,833
249,Boston,2652,1389
250,Boston,1351,604
251,Boston,1771,220
252,Boston,2716,0
253,Boston,121,40
254,Boston,1153,102
255,Boston,1199,59
256,Boston,2486,556
257,Boston,1988,805
258,Boston,2701,388
259,Boston,1709,942
260,Boston,2258,576
261,Boston,1577,853
262,Boston,1785,973
263,Boston,0,0
264,Boston,1387,755
265,Boston,2478,1237
266,Boston,2795,1740
267,Boston,1249,622
268,Boston,2258,1368
269,Boston,2320,1431
270,Boston,2516,1563
271,Boston,2646,1560
272,Boston,1677,389
273,Boston,2863,1368
274,Boston,281,117
275,Boston,1177,520
276,Boston,2942,376
277,Boston,1699,787
278,Boston,2459,4
279,Boston,1723,154
280,Boston,1638,85
281,Boston,0,0
282,Boston,2078,406
283,Boston,6,3
284,Boston,465,190
285,Boston,325,162
286,Boston,27,0
287,Boston,0,0
288,Boston,1124,0
289,Boston,1335,568
290,Boston,1471,138
291,Boston,3234,1331
292,Boston,3906,1811
293,Boston,3676,1638
294,Boston,4017,1880
295,Boston,572,287
296,Boston,2784,1305
297,Boston,1523,711
298,Boston,521,269
299,Boston,1649,709
300,Boston,1630,852
301,Boston,2476,902
302,Boston,2068,1059
303,Boston,2513,1262
304,Boston,2380,1027
305,Boston,2733,1335
306,Boston,2393,831
307,Boston,2125,924
308,Boston,2288,1165
309,Boston,3237,1695
310,Boston,327,120
311,Boston,1650,678
312,Boston,4081,1230
313,Boston,4256,1757
314,Boston,2530,1050
315,Boston,478,266
316,Boston,630,251
317,Boston,2445,970
318,Boston,123,39
319,Boston,1956,772
320,Boston,2826,1368
321,Boston,1269,653
322,Boston,1865,985
323,Boston,3663,1397
324,Boston,572,228
325,Boston,2401,1055
326,Boston,2685,1028
327,Boston,1856,719
328,Boston,2877,1255
329,Boston,2573,983
330,Boston,3080,1202
331,Boston,1936,692
332,Boston,2161,832
333,Boston,4502,2051
334,Boston,3587,1620
335,Boston,2388,937
336,Boston,2105,911
337,Boston,1985,807
338,Boston,3764,1523
339,Boston,2652,1030
340,Boston,4389,1745
341,Boston,3646,1342
342,Boston,2979,1364
343,Boston,2681,1175
344,Boston,3160,1390
345,Boston,2173,1072
346,Boston,11,3
347,Boston,1598,843
348,Boston,2773,1353
349,Boston,346,4
350,Boston,1786,699
351,Boston,1313,578
352,Boston,1611,682
353,Boston,2251,917
354,Boston,4194,1783
355,Boston,438,184
356,Boston,4079,1499
357,Boston,0,0
358,Boston,1617,652
359,Boston,1487,762
360,Boston,1977,789
361,Boston,2826,1116
362,Boston,2606,1044
363,Boston,2914,1154
364,Boston,3229,1232
365,Boston,3039,1193
366,Boston,3526,1420
367,Boston,2559,954
368,Boston,2513,970
369,Boston,3587,1309
370,Boston,4350,1668
371,Boston,4278,1637
372,Boston,2971,1182
373,Boston,3095,1182
374,Boston,1820,718
375,Boston,1616,644
376,Boston,872,392
377,Boston,814,327
378,Boston,922,352
379,Boston,3545,1377
380,Boston,2729,1113
381,Boston,2275,837
382,Boston,2634,999
383,Boston,3295,1317
384,Boston,2414,1108
385,Boston,2723,1168
386,Boston,2592,1112
387,Boston,988,444
388,Boston,2721,1122
389,Boston,3464,1546
390,Boston,2185,952
391,Boston,2544,906
392,Boston,3465,1450
393,Boston,2640,1174
394,Boston,2527,1225
395,Boston,2621,1176
396,Boston,0,0
397,Boston,2,0
398,Boston,533,0
399,Boston,0,0
400,Boston,3017,1236
401,Boston,2286,897
402,Boston,2359,1009
403,Boston,2423,1108
404,Boston,3349,1297
405,Boston,3029,1260
406,Boston,2540,1085
407,Boston,1595,620
408,Boston,3406,1386
409,Boston,3100,1387
410,Boston,2903,1289
411,Boston,1970,814
412,Boston,2507,1025
413,Boston,3761,1612
414,Boston,2341,1021
415,Boston,2648,1148
416,Boston,3841,1554
417,Boston,2785,1202
418,Boston,3226,1362
419,Boston,2172,981
420,Boston,2085,1093
421,Boston,3352,1402
422,Boston,5004,2616
423,Boston,2815,1345
424,Boston,2308,1062
425,Boston,2302,1063
426,Boston,3283,1406
427,Boston,4204,1697
428,Boston,2454,1128
429,Boston,1279,651
430,Boston,2243,1063
431,Boston,4127,1689
432,Boston,4562,2072
433,Boston,2342,806
434,Boston,2881,1287
435,Boston,2316,1066
436,Boston,1880,939
437,Boston,966,504
438,Boston,2619,1319
439,Boston,2600,1191
440,Boston,2078,925
441,Boston,2647,1149
442,Boston,1817,848
443,Boston,2603,993
444,Boston,3213,1387
445,Boston,822,358
446,Boston,643,298
447,Boston,2563,1280
448,Winthrop,2573,1315
449,Winthrop,2135,1108
450,Winthrop,3594,1773
451,Winthrop,2739,1232
452,Winthrop,2681,1185
453,Winthrop,2125,962
454,Winthrop,3475,1835
455,Chelsea,969,138
456,Chelsea,678,340
457,Chelsea,2557,868
458,Chelsea,931,399
459,Chelsea,1742,735
460,Chelsea,1988,726
461,Chelsea,2376,909
462,Chelsea,2165,1144
463,Chelsea,1941,846
464,Chelsea,336,130
465,Chelsea,0,0
466,Chelsea,0,0
467,Chelsea,329,178
468,Chelsea,2589,1131
469,Chelsea,2150,870
470,Chelsea,1217,488
471,Chelsea,2828,1092
472,Chelsea,2247,900
473,Chelsea,1442,695
474,Chelsea,3092,1160
475,Chelsea,2424,1023
476,Chelsea,2267,958
477,Chelsea,2602,1097
478,Revere,4147,1818
479,Revere,2460,1083
480,Revere,1857,795
481,Revere,687,304
482,Revere,1971,794
483,Revere,3823,1608
484,Revere,1279,643
485,Revere,111,42
486,Revere,395,152
487,Revere,2096,862
488,Revere,2886,1244
489,Revere,2250,950
490,Revere,3680,1662
491,Revere,4287,1849
492,Revere,2073,970
493,Revere,2500,1077
494,Revere,2124,1192
495,Revere,3114,1714
496,Revere,3388,1582
497,Revere,2218,1024
498,Revere,2565,1232
499,Revere,1032,417
500,Revere,1722,877
501,Revere,2749,1272
502,Everett,1555,703
503,Everett,935,390
504,Everett,1242,657
505,Everett,1763,726
506,Everett,4005,1782
507,Everett,3225,1354
508,Everett,3873,1794
509,Everett,2435,1139
510,Everett,2017,817
511,Everett,3000,1224
512,Everett,2159,908
513,Everett,2742,1137
514,Everett,2501,1073
515,Everett,3684,1685
516,Everett,3417,1443
517,Everett,1280,524
518,Everett,2578,1066
519,Everett,2492,1136
520,Malden,1285,478
521,Malden,2253,850
522,Malden,2602,942
523,Malden,1949,804
524,Malden,3537,1306
525,Malden,4042,1675
526,Malden,3942,1429
527,Malden,18,2
528,Malden,0,0
529,Malden,2585,1107
530,Malden,1438,567
531,Malden,1780,658
532,Malden,2987,1259
533,Malden,3253,1391
534,Malden,2476,938
535,Malden,3173,1366
536,Malden,3667,1441
537,Malden,1064,414
538,Malden,3758,1462
539,Malden,1701,726
540,Malden,3005,1350
541,Malden,2091,983
542,Malden,2522,1089
543,Malden,3312,1203
544,Malden,2145,882
545,Malden,2751,1084
546,Malden,3137,1504
547,Malden,2392,1043
548,Malden,2216,994
549,Malden,2731,1109
550,Medford,3925,1736
551,Medford,661,234
552,Medford,2388,1028
553,Medford,2771,1379
554,Medford,1942,674
555,Medford,2129,293
556,Medford,3367,1490
557,Medford,2272,914
558,Medford,2205,854
559,Medford,1572,747
560,Medford,1942,972
561,Medford,1973,908
562,Medford,2044,844
563,Medford,0,0
564,Medford,0,0
565,Medford,1668,764
566,Medford,4966,1836
567,Medford,3716,1384
568,Medford,2920,1205
569,Medford,3059,1306
570,Medford,3348,1312
571,Medford,3928,1556
572,Medford,2894,1312
573,Medford,2494,1042
574,Medford,2329,994
575,Medford,3236,1370
576,Medford,2271,1074
577,Medford,2497,1160
578,Medford,1868,705
579,Somerville,1488,777
580,Somerville,1382,781
581,Somerville,301,143
582,Somerville,1999,1038
583,Somerville,2140,976
584,Somerville,3088,1584
585,Somerville,1951,935
586,Somerville,1964,1041
587,Somerville,1985,838
588,Somerville,2038,923
589,Somerville,2948,1366
590,Somerville,1658,710
591,Somerville,1558,704
592,Somerville,547,219
593,Somerville,2582,1204
594,Somerville,2210,1228
595,Somerville,0,0
596,Somerville,1351,597
597,Somerville,2160,762
598,Somerville,2140,969
599,Somerville,2184,1024
600,Somerville,3562,1698
601,Somerville,2717,1184
602,Somerville,2478,1186
603,Somerville,1220,475
604,Somerville,290,86
605,Somerville,2735,1378
606,Somerville,3441,1548
607,Somerville,3765,1746
608,Somerville,964,465
609,Somerville,271,110
610,Somerville,2787,1214
611,Somerville,2090,1120
612,Somerville,1958,1011
613,Somerville,3518,1685
614,Somerville,3090,1676
615,Somerville,3674,1849
616,Somerville,2252,1103
617,Somerville,1676,828
618,Somerville,2609,1012
619,Somerville,1912,899
620,Somerville,2847,1337
621,Somerville,2893,431
622,Somerville,2823,1426
623,Somerville,2213,930
624,Somerville,2148,1042
625,Cambridge,4995,3236
626,Cambridge,392,166
627,Cambridge,374,162
628,Cambridge,406,180
629,Cambridge,1439,715
630,Cambridge,1074,452
631,Cambridge,3319,379
632,Cambridge,2066,986
633,Cambridge,283,108
634,Cambridge,1134,544
635,Cambridge,774,323
636,Cambridge,1249,598
637,Cambridge,737,402
638,Cambridge,3115,1790
639,Cambridge,668,295
640,Cambridge,578,290
641,Cambridge,380,0
642,Cambridge,1521,708
643,Cambridge,415,0
644,Cambridge,3706,86
645,Cambridge,0,0
646,Cambridge,2251,1031
647,Cambridge,1484,690
648,Cambridge,1317,592
649,Cambridge,1419,633
650,Cambridge,955,405
651,Cambridge,2528,1113
652,Cambridge,0,0
653,Cambridge,3308,1355
654,Cambridge,999,422
655,Cambridge,148,20
656,Cambridge,1215,554
657,Cambridge,108,2
658,Cambridge,595,222
659,Cambridge,1694,46
660,Cambridge,1168,543
661,Cambridge,1042,453
662,Cambridge,1845,899
663,Cambridge,1452,694
664,Cambridge,465,247
665,Cambridge,1932,899
666,Cambridge,2946,1430
667,Cambridge,2443,1194
668,Cambridge,1022,479
669,Cambridge,1212,585
670,Cambridge,1814,822
671,Cambridge,1086,510
672,Cambridge,2220,1030
673,Cambridge,1171,632
674,Cambridge,3048,1383
675,Cambridge,2284,1199
676,Cambridge,1700,878
677,Cambridge,925,408
678,Cambridge,2056,960
679,Cambridge,378,174
680,Cambridge,1424,646
681,Cambridge,1097,575
682,Cambridge,2725,614
683,Cambridge,3646,1086
684,Cambridge,1715,38
685,Cambridge,270,120
686,Cambridge,613,280
687,Cambridge,517,155
688,Cambridge,72,20
689,Cambridge,67,20
690,Cambridge,1115,261
691,Cambridge,1471,12
692,Cambridge,0,0
693,Cambridge,209,60
694,Cambridge,2780,1539
695,Cambridge,1021,282
696,Cambridge,736,4
697,Cambridge,228,56
698,Cambridge,2007,994
699,Cambridge,848,510
700,Cambridge,1144,27
701,Cambridge,835,413
702,Cambridge,1241,687
703,Cambridge,2698,1463
704,Cambridge,1539,728
705,Cambridge,2067,960
706,Cambridge,1923,864
707,Cambridge,2273,994
708,Cambridge,1748,614
709,Cambridge,1218,476
710,Cambridge,1177,694
711,Cambridge,242,118
712,Cambridge,211,80
713,Cambridge,1226,579
714,Cambridge,827,342
715,Cambridge,2635,1281
716,Cambridge,92,27
717,Cambridge,1830,839
718,Cambridge,2031,1010
719,Cambridge,2357,1160
720,Cambridge,2602,1082
721,Cambridge,1251,647
722,Cambridge,3300,1427
723,Cambridge,0,0
724,Cambridge,0,0
725,Cambridge,1855,952
726,Cambridge,883,330
727,Cambridge,2198,1252
728,Cambridge,741,424
729,Brookline,2455,1207
730,Brookline,5369,2342
731,Brookline,3234,1518
732,Brookline,2623,1222
733,Brookline,3626,2085
734,Brookline,2151,1123
735,Brookline,4390,2131
736,Brookline,1707,736
737,Brookline,4352,2170
738,Brookline,2946,1466
739,Brookline,2189,1037
740,Brookline,2361,1020
741,Brookline,3276,1613
742,Brookline,2081,855
743,Brookline,1489,536
744,Brookline,1843,874
745,Brookline,1792,765
746,Brookline,2178,1139
747,Brookline,1348,549
748,Brookline,2896,1358
749,Brookline,1470,553
750,Brookline,2130,869
751,Brookline,1522,521
752,Brookline,1434,372
753,Brookline,1603,546
754,Brookline,1247,488
755,Brookline,4572,1912
756,Nahant,4181,1851
757,Lynn,2321,1240
758,Lynn,1547,1007
759,Lynn,3881,2067
760,Lynn,1574,716
761,Lynn,2636,1064
762,Lynn,1105,533
763,Lynn,2396,1092
764,Lynn,2097,1001
765,Lynn,1510,734
766,Lynn,4690,1578
767,Lynn,1949,762
768,Lynn,3130,1404
769,Lynn,2031,1132
770,Lynn,2934,1259
771,Lynn,2236,990
772,Lynn,1352,511
773,Lynn,2572,1112
774,Lynn,2999,1289
775,Lynn,2541,1052
776,Lynn,1850,719
777,Lynn,4221,1558
778,Lynn,2279,1034
779,Lynn,2620,1112
780,Lynn,3025,1133
781,Lynn,2172,1018
782,Lynn,2735,1176
783,Lynn,1453,590
784,Lynn,3358,1437
785,Lynn,2021,929
786,Lynn,2702,1197
787,Lynn,4184,1536
788,Lynn,2047,738
789,Lynn,827,328
790,Lynn,1542,659
791,Lynn,2002,810
792,Lynn,3396,1494
793,Lynn,2892,1277
794,Lynn,3317,1511
795,Lynn,3209,1419
796,Saugus,2685,995
797,Saugus,2161,882
798,Saugus,2359,1106
799,Saugus,2444,1062
800,Saugus,1475,699
801,Saugus,2405,1128
802,Saugus,304,110
803,Saugus,2234,1022
804,Saugus,1446,594
805,Saugus,2864,1193
806,Saugus,1049,411
807,Saugus,1316,484
808,Saugus,623,277
809,Saugus,41,12
810,Saugus,1461,600
811,Saugus,888,396
812,Saugus,2089,878
813,Saugus,1448,604
814,Saugus,1238,476
815,Melrose,4399,2240
816,Melrose,3154,1610
817,Melrose,3791,1578
818,Melrose,3664,1688
819,Melrose,3138,1505
820,Melrose,3163,1330
821,Melrose,1263,416
822,Melrose,1836,721
823,Melrose,3806,1338
824,Melrose,2473,1165
825,Melrose,2435,1144
826,Wakefield,2048,695
827,Wakefield,2909,1240
828,Wakefield,607,288
829,Wakefield,732,310
830,Wakefield,3012,1498
831,Wakefield,1150,486
832,Wakefield,1452,637
833,Wakefield,2416,1080
834,Wakefield,652,309
835,Wakefield,2772,1287
836,Wakefield,1906,915
837,Wakefield,747,326
838,Wakefield,911,390
839,Wakefield,50,17
840,Wakefield,3344,1503
841,Wakefield,2823,1273
842,Stoneham,1885,843
843,Stoneham,1701,689
844,Stoneham,3042,1310
845,Stoneham,1882,917
846,Stoneham,1725,776
847,Stoneham,1614,732
848,Stoneham,2935,1192
849,Stoneham,2125,904
850,Stoneham,3594,1757
851,Stoneham,1927,767
852,Stoneham,3107,1288
853,Winchester,4152,1658
854,Winchester,1404,420
855,Winchester,3431,1461
856,Winchester,2058,878
857,Winchester,3968,1664
858,Winchester,3833,1450
859,Winchester,1892,717
860,Winchester,2999,1160
861,Woburn,879,202
862,Woburn,2220,1046
863,Woburn,538,253
864,Woburn,578,243
865,Woburn,156,51
866,Woburn,37,14
867,Woburn,264,104
868,Woburn,0,0
869,Woburn,467,243
870,Woburn,16,4
871,Woburn,1717,779
872,Woburn,3839,1587
873,Woburn,2263,1029
874,Woburn,3394,1461
875,Woburn,0,0
876,Woburn,6,2
877,Woburn,2321,1002
878,Woburn,2472,1116
879,Woburn,1675,762
880,Woburn,1147,540
881,Woburn,2807,1365
882,Woburn,2357,1161
883,Woburn,2880,1206
884,Woburn,2762,1273
885,Woburn,1840,796
886,Woburn,1626,748
887,Woburn,3150,1350
888,Woburn,1982,925
889,Arlington,2286,1056
890,Arlington,3213,1576
891,Arlington,3256,1616
892,Arlington,3353,1622
893,Arlington,3212,1461
894,Arlington,2154,1022
895,Arlington,2968,1372
896,Arlington,1322,548
897,Arlington,915,393
898,Arlington,3214,1520
899,Arlington,3049,1469
900,Arlington,2222,1034
901,Arlington,1445,678
902,Arlington,2005,802
903,Arlington,3140,1412
904,Arlington,3127,1293
905,Arlington,4114,1927
906,Arlington,1789,804
907,Arlington,2814,1326
908,Belmont,3287,1509
909,Belmont,2053,797
910,Belmont,1268,524
911,Belmont,3303,1343
912,Belmont,1792,582
913,Belmont,2855,1277
914,Belmont,2801,1311
915,Belmont,1819,865
916,Belmont,2700,1221
917,Belmont,1920,774
918,Belmont,1621,527
919,Belmont,1442,542
920,Belmont,733,347
921,Belmont,722,168
922,Watertown,1901,911
923,Watertown,1176,574
924,Watertown,1339,695
925,Watertown,1640,753
926,Watertown,774,352
927,Watertown,3149,1493
928,Watertown,2389,1157
929,Watertown,3640,1731
930,Watertown,3953,1926
931,Watertown,1763,766
932,Watertown,1882,887
933,Watertown,1842,956
934,Watertown,648,273
935,Watertown,2384,1198
936,Watertown,3489,1780
937,Watertown,2117,1074
938,Watertown,3304,1658
939,Watertown,1511,701
940,Lexington,3289,1248
941,Lexington,961,376
942,Lexington,150,52
943,Lexington,2397,1012
944,Lexington,2530,977
945,Lexington,2440,951
946,Lexington,2085,756
947,Lexington,3481,1412
948,Lexington,2336,972
949,Lexington,1404,569
950,Lexington,2367,1036
951,Lexington,783,302
952,Lexington,2659,1080
953,Lexington,4493,1799
954,Lexington,40,20
955,Lexington,1005,392
956,Lexington,0,0
957,Lexington,0,0
958,Lexington,13,4
959,Lexington,6,2
960,Lexington,2238,904
961,Waltham,1591,777
962,Waltham,351,4
963,Waltham,2275,0
964,Waltham,2384,1109
965,Waltham,4078,2109
966,Waltham,3419,1570
967,Waltham,3240,1640
968,Waltham,22,11
969,Waltham,1521,699
970,Waltham,1429,591
971,Waltham,795,351
972,Waltham,140,51
973,Waltham,0,0
974,Waltham,485,250
975,Waltham,161,62
976,Waltham,1084,474
977,Waltham,499,228
978,Waltham,2503,1230
979,Waltham,1627,867
980,Waltham,1601,903
981,Waltham,3842,1517
982,Waltham,1103,526
983,Waltham,2168,1116
984,Waltham,2227,3
985,Waltham,1427,747
986,Waltham,556,53
987,Waltham,1836,948
988,Waltham,1104,569
989,Waltham,2040,1011
990,Waltham,3099,1469
991,Waltham,2922,660
992,Waltham,1843,930
993,Waltham,4012,1735
994,Waltham,1205,611
995,Waltham,1546,900
996,Waltham,2406,1073
997,Waltham,3351,1463
998,Waltham,1404,734
999,Newton,916,486
1000,Newton,980,489
1001,Newton,2614,1293
1002,Newton,1253,596
1003,Newton,1835,909
1004,Newton,971,514
1005,Newton,1563,778
1006,Newton,2816,1157
1007,Newton,2759,988
1008,Newton,1147,317
1009,Newton,1583,738
1010,Newton,1607,653
1011,Newton,2115,917
1012,Newton,2100,902
1013,Newton,2528,1004
1014,Newton,1366,561
1015,Newton,2647,1086
1016,Newton,1337,4
1017,Newton,2164,77
1018,Newton,1612,621
1019,Newton,2032,738
1020,Newton,2749,761
1021,Newton,2118,988
1022,Newton,3214,1428
1023,Newton,1766,785
1024,Newton,1735,716
1025,Newton,1756,709
1026,Newton,1072,470
1027,Newton,3074,1107
1028,Newton,3200,1052
1029,Newton,666,220
1030,Newton,1546,689
1031,Newton,1476,587
1032,Newton,1280,539
1033,Newton,2225,875
1034,Newton,2501,1026
1035,Newton,391,148
1036,Newton,3156,1420
1037,Newton,2381,986
1038,Newton,1045,372
1039,Newton,899,446
1040,Newton,0,0
1041,Newton,2254,1032
1042,Newton,1634,681
1043,Newton,2121,899
1044,Newton,971,392
1045,Newton,2735,1254
1046,Newton,1608,827
1047,Newton,1808,794
1048,Newton,2046,855
1049,Newton,640,304
1050,Newton,1240,144
1051,Newton,2925,1292
1052,Dedham,2226,641
1053,Dedham,2285,1040
1054,Dedham,1448,694
1055,Dedham,2435,1119
1056,Dedham,57,17
1057,Dedham,39,20
1058,Dedham,201,86
1059,Dedham,2167,940
1060,Dedham,3294,1552
1061,Dedham,1700,704
1062,Dedham,13,4
1063,Dedham,970,441
1064,Dedham,0,0
1065,Dedham,1475,623
1066,Dedham,2546,1158
1067,Dedham,3382,1063
1068,Dedham,3352,1485
1069,Milton,2900,692
1070,Milton,1374,518
1071,Milton,3152,1293
1072,Milton,3751,1632
1073,Milton,1890,838
1074,Milton,1230,437
1075,Milton,3211,1374
1076,Milton,794,310
1077,Milton,3233,1442
1078,Milton,1873,734
1079,Milton,2284,929
1080,Milton,2591,1052
1081,Quincy,3264,1631
1082,Quincy,2339,1148
1083,Quincy,1097,539
1084,Quincy,1685,863
1085,Quincy,2392,1126
1086,Quincy,1168,523
1087,Quincy,2221,1011
1088,Quincy,4801,2539
1089,Quincy,991,510
1090,Quincy,2545,1229
1091,Quincy,3107,1174
1092,Quincy,2307,1031
1093,Quincy,2633,1244
1094,Quincy,2340,1060
1095,Quincy,1334,557
1096,Quincy,660,324
1097,Quincy,2439,1149
1098,Quincy,2093,990
1099,Quincy,1258,566
1100,Quincy,2320,1289
1101,Quincy,2650,1274
1102,Quincy,2094,1052
1103,Quincy,2723,1367
1104,Quincy,1874,1026
1105,Quincy,2439,1115
1106,Quincy,2212,1071
1107,Quincy,2702,1372
1108,Quincy,1358,654
1109,Quincy,3599,1725
1110,Quincy,1961,663
1111,Quincy,2115,1069
1112,Quincy,985,497
1113,Quincy,2086,935
1114,Quincy,1246,633
1115,Quincy,0,0
1116,Quincy,1444,763
1117,Quincy,1242,471
1118,Quincy,2122,1150
1119,Quincy,1994,932
1120,Quincy,2417,1187
1121,Quincy,3464,1664
1122,Quincy,1181,556
1123,Quincy,747,344
1124,Quincy,2119,1014
1125,Quincy,2861,1399
1126,Quincy,1430,730
1127,Quincy,4628,2354
1128,Quincy,1830,945
1129,Quincy,439,110
1130,Quincy,2972,1409
1131,Quincy,4506,2138
1132,Quincy,4393,1799
1133,Swampscott,1825,831
1134,Swampscott,2531,1039
1135,Swampscott,1985,825
1136,Swampscott,1792,774
1137,Swampscott,2569,1047
1138,Swampscott,888,321
1139,Swampscott,776,358
1140,Swampscott,4768,1476
1141,Marblehead,2395,939
1142,Marblehead,3445,1394
1143,Marblehead,2215,874
1144,Marblehead,1555,604
1145,Marblehead,2568,1230
1146,Marblehead,2878,1432
1147,Marblehead,3155,1651
1148,Marblehead,3468,1539
1149,Salem,2480,1152
1150,Salem,2869,1066
1151,Salem,3214,1478
1152,Salem,928,384
1153,Salem,1453,624
1154,Salem,1805,798
1155,Salem,2491,1124
1156,Salem,3030,1297
1157,Salem,1251,276
1158,Salem,2265,926
1159,Salem,2852,1440
1160,Salem,2079,917
1161,Salem,2828,1192
1162,Salem,2017,988
1163,Salem,3971,1694
1164,Salem,3769,1665
1165,Salem,2374,1429
1166,Salem,3113,1715
1167,Salem,3341,1659
1168,Beverly,2664,1206
1169,Beverly,1479,702
1170,Beverly,209,98
1171,Beverly,2980,1373
1172,Beverly,2977,1238
1173,Beverly,2061,1123
1174,Beverly,2913,1436
1175,Beverly,2358,1185
1176,Beverly,1617,748
1177,Beverly,2754,1334
1178,Beverly,2972,1497
1179,Beverly,1205,486
1180,Beverly,1899,875
1181,Beverly,1898,785
1182,Beverly,2289,919
1183,Beverly,2131,118
1184,Beverly,2399,988
1185,Beverly,938,383
1186,Beverly,2053,945
1187,Beverly,1780,805
1188,Beverly,3466,1475
1189,Wenham,1709,160
1190,Wenham,2187,970
1191,Wenham,1503,550
1192,Hamilton,2592,988
1193,Hamilton,1719,614
1194,Hamilton,1015,363
1195,Hamilton,3163,1199
1196,Hamilton,180,69
1197,Lynnfield,373,144
1198,Lynnfield,927,393
1199,Lynnfield,1557,614
1200,Lynnfield,2038,798
1201,Lynnfield,2329,981
1202,Lynnfield,1580,555
1203,Lynnfield,2427,975
1204,Lynnfield,1874,730
1205,Peabody,2448,1092
1206,Peabody,2247,941
1207,Peabody,3621,1534
1208,Peabody,2283,918
1209,Peabody,4692,1866
1210,Peabody,1796,752
1211,Peabody,1791,760
1212,Peabody,4357,1916
1213,Peabody,1509,578
1214,Peabody,0,0
1215,Peabody,15,4
1216,Peabody,41,11
1217,Peabody,3294,1424
1218,Peabody,3372,1514
1219,Peabody,3618,1524
1220,Peabody,442,117
1221,Peabody,184,74
1222,Peabody,1411,646
1223,Peabody,1888,848
1224,Peabody,6450,2694
1225,Peabody,1493,645
1226,Peabody,2368,863
1227,Peabody,2924,1083
1228,Peabody,1990,822
1229,Peabody,3222,1419
1230,Peabody,4813,1722
1231,Danvers,2879,938
1232,Danvers,259,111
1233,Danvers,1902,782
1234,Danvers,75,27
1235,Danvers,212,77
1236,Danvers,2004,807
1237,Danvers,1491,579
1238,Danvers,1424,671
1239,Danvers,1860,905
1240,Danvers,2639,1040
1241,Danvers,3085,1239
1242,Danvers,946,386
1243,Danvers,998,381
1244,Danvers,2727,1073
1245,Danvers,3748,1479
1246,Danvers,329,145
1247,Danvers,323,137
1248,Danvers,2045,812
1249,Danvers,1471,528
1250,Danvers,995,413
1251,Danvers,1271,527
1252,Middleton,2229,911
1253,Middleton,364,112
1254,Middleton,2301,977
1255,Middleton,3644,993
1256,Middleton,1951,856
1257,Topsfield,1115,354
1258,Topsfield,1832,610
1259,Topsfield,2403,963
1260,Topsfield,1623,616
1265,Reading,2803,1288
1266,Reading,2620,1041
1267,Reading,4394,1957
1268,Reading,1632,707
1269,Reading,2972,1251
1270,Reading,1378,480
1271,Reading,614,287
1272,Reading,1265,564
1273,Reading,2087,773
1274,Reading,1549,674
1275,Reading,2805,1109
1276,Reading,3484,1364
1277,North Reading,2893,1070
1278,North Reading,2635,1005
1279,North Reading,2474,878
1280,North Reading,2154,844
1281,North Reading,1338,614
1282,North Reading,3238,1526
1283,North Reading,1101,476
1284,North Reading,1079,437
1285,Wilmington,1298,260
1286,Wilmington,1496,566
1287,Wilmington,440,138
1288,Wilmington,2087,805
1289,Wilmington,1839,707
1290,Wilmington,3180,1199
1291,Wilmington,2559,1041
1292,Wilmington,1634,584
1293,Wilmington,3052,1214
1294,Wilmington,1919,788
1295,Wilmington,1970,758
1296,Wilmington,2107,891
1297,Wilmington,454,172
1298,Wilmington,0,0
1364,Burlington,1274,601
1365,Burlington,47,18
1366,Burlington,409,191
1367,Burlington,1731,761
1368,Burlington,689,304
1369,Burlington,508,234
1370,Burlington,0,0
1371,Burlington,0,0
1372,Burlington,0,0
1373,Burlington,0,0
1374,Burlington,342,130
1375,Burlington,1177,575
1376,Burlington,1323,595
1377,Burlington,484,212
1378,Burlington,1687,777
1379,Burlington,0,0
1380,Burlington,2281,969
1381,Burlington,2165,880
1382,Burlington,2433,1038
1383,Burlington,3550,1596
1384,Burlington,1783,768
1385,Burlington,3104,1234
1386,Burlington,2421,984
1414,Lincoln,1478,525
1415,Lincoln,1729,687
1416,Lincoln,2826,1062
1417,Lincoln,458,173
1418,Lincoln,1257,448
1419,Bedford,945,456
1420,Bedford,0,0
1421,Bedford,0,0
1422,Bedford,2692,969
1423,Bedford,1385,561
1424,Bedford,2682,1111
1425,Bedford,1528,646
1426,Bedford,826,336
1427,Bedford,526,220
1428,Bedford,664,290
1429,Bedford,2132,866
1430,Bedford,1900,821
1431,Bedford,110,0
1432,Concord,2487,1049
1433,Concord,588,242
1434,Concord,1485,625
1435,Concord,1300,585
1436,Concord,1569,653
1437,Concord,2451,944
1438,Concord,2533,1190
1439,Concord,1231,526
1440,Concord,3154,899
1441,Concord,997,419
1442,Concord,2320,886
1443,Concord,598,189
1444,Carlisle,2598,1016
1445,Carlisle,2757,1069
1446,Acton,1160,528
1447,Acton,1885,879
1448,Acton,1895,854
1449,Acton,2236,928
1450,Acton,1980,840
1451,Acton,553,194
1452,Acton,955,373
1453,Acton,1507,580
1454,Acton,131,51
1455,Acton,739,291
1456,Acton,1712,664
1457,Acton,2090,821
1458,Acton,3117,1190
1459,Acton,2530,1008
1460,Acton,2122,861
1461,Maynard,1932,929
1462,Maynard,2562,1204
1463,Maynard,1561,681
1464,Maynard,1282,541
1465,Maynard,162,69
1466,Maynard,2355,1090
1467,Maynard,1889,857
1468,Weston,2745,1082
1469,Weston,1535,600
1470,Weston,1600,656
1471,Weston,1288,551
1472,Weston,1366,302
1473,Weston,1550,531
1474,Weston,2350,948
1475,Wellesley,3857,1433
1476,Wellesley,1803,669
1477,Wellesley,4428,1642
1478,Wellesley,2944,1287
1479,Wellesley,2432,136
1480,Wellesley,2192,950
1481,Wellesley,1041,491
1482,Wellesley,1260,512
1483,Wellesley,1225,405
1484,Wellesley,1959,153
1485,Wellesley,1288,476
1486,Wellesley,1744,664
1487,Wellesley,1841,664
1488,Wellesley,874,339
1489,Wellesley,1598,626
1490,Wellesley,0,0
1491,Needham,2861,1257
1492,Needham,2594,1047
1493,Needham,3282,1307
1494,Needham,3968,1804
1495,Needham,1452,543
1496,Needham,2194,826
1497,Needham,2287,880
1498,Needham,1444,468
1499,Needham,1080,422
1500,Needham,3371,1257
1501,Needham,2865,1223
1502,Needham,2032,816
1503,Needham,1690,661
1504,Needham,1061,457
1505,Wayland,1936,735
1506,Wayland,2056,723
1507,Wayland,863,390
1508,Wayland,1378,564
1509,Wayland,2527,975
1510,Wayland,2206,862
1511,Wayland,2078,948
1512,Wayland,2047,842
1513,Natick,971,363
1514,Natick,1424,573
1515,Natick,708,268
1516,Natick,2795,1049
1517,Natick,800,327
1518,Natick,18,9
1519,Natick,1205,665
1520,Natick,235,108
1521,Natick,0,0
1522,Natick,5173,2165
1523,Natick,97,34
1524,Natick,1917,910
1525,Natick,96,42
1526,Natick,4286,1319
1527,Natick,1917,802
1528,Natick,25,11
1529,Natick,4873,2305
1530,Natick,2054,828
1531,Natick,991,423
1532,Natick,2719,1198
1533,Natick,1733,729
1534,Natick,2954,1218
1535,Natick,557,200
1536,Natick,1837,632
1537,Natick,1728,694
1538,Dover,1395,485
1539,Dover,759,249
1540,Dover,1230,408
1541,Dover,3011,1103
1542,Sudbury,3507,1230
1543,Sudbury,1459,483
1544,Sudbury,3491,1224
1545,Sudbury,3451,1370
1546,Sudbury,2386,849
1547,Sudbury,2733,858
1548,Sudbury,931,427
1549,Sudbury,2226,923
1550,Framingham,4535,1384
1551,Framingham,798,335
1552,Framingham,3139,1350
1553,Framingham,3034,1372
1554,Framingham,1720,666
1555,Framingham,3451,1468
1556,Framingham,10,3
1557,Framingham,49,17
1558,Framingham,3592,1722
1559,Framingham,4,2
1560,Framingham,339,176
1561,Framingham,566,249
1562,Framingham,472,198
1563,Framingham,2078,729
1564,Framingham,1231,564
1565,Framingham,1027,436
1566,Framingham,1530,465
1567,Framingham,2322,582
1568,Framingham,844,369
1569,Framingham,1187,518
1570,Framingham,2671,1322
1571,Framingham,2172,992
1572,Framingham,1927,858
1573,Framingham,2932,1248
1574,Framingham,2635,1076
1575,Framingham,863,379
1576,Framingham,2541,1005
1577,Framingham,5349,2031
1578,Framingham,1866,432
1579,Framingham,1459,565
1580,Framingham,3165,1328
1581,Framingham,2067,849
1582,Framingham,3664,1422
1583,Framingham,0,0
1584,Framingham,13,4
1585,Framingham,5180,2731
1586,Framingham,2107,906
1587,Framingham,2354,968
1588,Framingham,2789,1185
1589,Framingham,2897,1273
1590,Sherborn,2605,855
1591,Sherborn,2503,993
1592,Ashland,4114,1649
1593,Ashland,2347,944
1594,Ashland,3021,1292
1595,Ashland,1978,1002
1596,Ashland,1631,749
1597,Ashland,4705,1949
1598,Ashland,2085,773
1599,Holliston,3612,1651
1600,Holliston,848,324
1601,Holliston,1989,840
1602,Holliston,2105,864
1603,Holliston,1496,614
1604,Holliston,950,395
1605,Holliston,3027,1190
1606,Holliston,1216,471
1607,Westwood,3134,1257
1608,Westwood,2703,1159
1609,Westwood,2389,983
1610,Westwood,2180,893
1611,Westwood,2193,876
1612,Westwood,775,303
1613,Westwood,2056,832
1614,Westwood,673,366
1615,Norwood,1761,594
1616,Norwood,11,3
1617,Norwood,0,0
1618,Norwood,41,21
1619,Norwood,3200,1659
1620,Norwood,3195,1488
1621,Norwood,141,50
1622,Norwood,49,24
1623,Norwood,2699,1240
1624,Norwood,2800,1368
1625,Norwood,240,96
1626,Norwood,49,17
1627,Norwood,0,0
1628,Norwood,32,9
1629,Norwood,1687,711
1630,Norwood,1236,541
1631,Norwood,1624,737
1632,Norwood,3388,1521
1633,Norwood,1532,771
1634,Norwood,369,165
1635,Norwood,2887,1317
1636,Norwood,1884,911
1637,Norwood,3240,1514
1638,Medfield,1584,675
1639,Medfield,2697,1083
1640,Medfield,2241,840
1641,Medfield,1205,429
1642,Medfield,2569,954
1643,Medfield,3294,1248
1644,Walpole,2998,1289
1645,Walpole,1133,537
1646,Walpole,1772,745
1647,Walpole,1895,764
1648,Walpole,2032,944
1649,Walpole,2608,1090
1650,Walpole,690,308
1651,Walpole,2555,1116
1652,Walpole,2493,1102
1653,Walpole,3054,1256
1654,Walpole,2007,868
1655,Walpole,2550,838
1656,Sharon,2742,1031
1657,Sharon,1901,816
1658,Sharon,2196,892
1659,Sharon,2874,1270
1660,Sharon,1880,851
1661,Sharon,2487,912
1662,Sharon,2523,950
1663,Sharon,3151,1120
1664,Millis,3079,1381
1665,Millis,553,234
1666,Millis,2639,1115
1667,Millis,2252,1024
1668,Norfolk,2084,791
1669,Norfolk,561,239
1670,Norfolk,2659,344
1671,Norfolk,1750,322
1672,Norfolk,2368,894
1673,Norfolk,2803,1073
1674,Canton,295,101
1675,Canton,2679,1059
1676,Canton,2164,817
1677,Canton,2014,764
1678,Canton,2451,969
1679,Canton,1686,512
1680,Canton,1084,485
1681,Canton,2254,1008
1682,Canton,1978,936
1683,Canton,3227,1278
1684,Canton,20,6
1685,Canton,2216,994
1686,Canton,1336,625
1687,Canton,201,64
1688,Canton,2362,944
1689,Randolph,2706,1223
1690,Randolph,2280,924
1691,Randolph,1267,538
1692,Randolph,3097,1197
1693,Randolph,2169,942
1694,Randolph,3395,1348
1695,Randolph,2657,1007
1696,Randolph,2466,1049
1697,Randolph,2472,1024
1698,Randolph,1235,485
1699,Randolph,273,38
1700,Randolph,2441,920
1701,Randolph,2729,1032
1702,Randolph,2434,1029
1703,Randolph,3486,1317
1728,Holbrook,2697,1062
1729,Holbrook,4712,1820
1730,Holbrook,2062,918
1731,Holbrook,2598,1124
1792,Braintree,11,5
1793,Braintree,0,0
1794,Braintree,6,2
1795,Braintree,3033,1347
1796,Braintree,1297,570
1797,Braintree,2237,1000
1798,Braintree,0,0
1799,Braintree,235,86
1800,Braintree,1166,438
1801,Braintree,607,286
1802,Braintree,1327,528
1803,Braintree,2699,843
1804,Braintree,3056,1428
1805,Braintree,2421,1085
1806,Braintree,2142,904
1807,Braintree,3496,1530
1808,Braintree,887,350
1809,Braintree,2560,966
1810,Braintree,2136,904
1811,Braintree,3198,1253
1812,Braintree,2818,1259
1813,Braintree,5034,2210
1814,Braintree,1897,730
1815,Weymouth,2910,1187
1816,Weymouth,2033,944
1817,Weymouth,2483,965
1818,Weymouth,2562,1049
1819,Weymouth,1629,686
1820,Weymouth,1685,580
1821,Weymouth,1922,765
1822,Weymouth,2841,1150
1823,Weymouth,3060,1283
1824,Weymouth,2261,963
1825,Weymouth,1689,643
1826,Weymouth,2762,1192
1827,Weymouth,2826,1184
1828,Weymouth,1908,770
1829,Weymouth,1437,491
1830,Weymouth,175,94
1831,Weymouth,1726,686
1832,Weymouth,3866,1789
1833,Weymouth,1345,452
1834,Weymouth,728,342
1835,Weymouth,4443,1904
1836,Weymouth,1603,689
1837,Weymouth,3066,1370
1838,Weymouth,1806,856
1839,Weymouth,1609,539
1840,Weymouth,641,227
1841,Weymouth,0,0
1842,Weymouth,577,260
1843,Weymouth,2471,1105
1844,Weymouth,2873,1278
1845,Weymouth,1798,759
1846,Weymouth,1881,745
1847,Weymouth,3200,1276
1848,Hull,2992,1204
1849,Hull,2829,1211
1850,Hull,2660,1205
1851,Hull,2129,911
1852,Hull,2167,1044
1853,Hingham,3127,1169
1854,Hingham,1205,592
1855,Hingham,196,79
1856,Hingham,2793,1078
1857,Hingham,1727,721
1858,Hingham,467,219
1859,Hingham,1873,742
1860,Hingham,1418,584
1861,Hingham,2356,953
1862,Hingham,2887,1226
1863,Hingham,2402,892
1864,Hingham,3517,1438
1865,Hingham,549,185
1866,Hingham,89,30
1867,Hingham,1509,614
1868,Hingham,1845,664
1869,Cohasset,2736,1160
1870,Cohasset,2040,730
1871,Cohasset,1854,741
1872,Cohasset,1926,833
1883,Rockland,3032,1107
1884,Rockland,1480,562
1885,Rockland,2208,882
1886,Rockland,3287,1299
1887,Rockland,2921,1238
1888,Rockland,2552,983
1889,Rockland,2424,936
1890,Rockland,1382,455
1891,Rockland,402,170
1892,Rockland,994,408
1902,Norwell,487,0
1903,Norwell,65,23
1904,Norwell,767,263
1905,Norwell,2306,794
1906,Norwell,1805,760
1907,Norwell,3041,1174
1908,Norwell,1271,517
1909,Norwell,2005,794
1910,Scituate,1658,646
1911,Scituate,2364,942
1912,Scituate,2132,921
1913,Scituate,2733,1143
1914,Scituate,4763,1989
1915,Scituate,2223,839
1916,Scituate,4228,1792
1917,Scituate,682,283
1918,Manchester-By-The-Sea,2646,1190
1919,Manchester-By-The-Sea,2955,1390
1920,Gloucester,2769,1219
1921,Gloucester,3188,1307
1922,Gloucester,2183,963
1923,Gloucester,3288,1289
1924,Gloucester,1795,845
1925,Gloucester,2932,1108
1926,Gloucester,2498,1037
1927,Gloucester,3079,1329
1928,Gloucester,1323,592
1929,Gloucester,2577,1126
1930,Gloucester,3369,1520
1931,Gloucester,295,117
1932,Gloucester,3151,1402
1933,Gloucester,473,210
1934,Gloucester,2446,1095
1935,Rockport,1560,684
1936,Rockport,3116,1380
1937,Rockport,1472,662
1938,Rockport,2509,1132
1939,Essex,1296,542
1940,Essex,2792,1145
1941,Ipswich,2917,1270
1942,Ipswich,3021,1214
1943,Ipswich,1670,728
1944,Ipswich,2758,1238
1945,Ipswich,2668,1215
1946,Ipswich,2413,1018
2190,Littleton,1745,845
2191,Littleton,2806,1037
2192,Littleton,936,411
2193,Littleton,338,158
2194,Littleton,1974,834
2195,Littleton,1163,482
2196,Littleton,969,397
2197,Littleton,727,244
2198,Boxborough,1124,498
2199,Boxborough,2718,1261
2200,Boxborough,1920,801
2201,Stow,2386,1042
2202,Stow,1591,646
2203,Stow,1453,602
2204,Stow,2020,798
2225,Bolton,2264,876
2226,Bolton,1567,631
2227,Bolton,1746,676
2248,Hudson,3412,1488
2249,Hudson,3539,1537
2250,Hudson,2933,1297
2251,Hudson,858,324
2252,Hudson,1937,764
2253,Hudson,3088,1343
2254,Hudson,814,326
2255,Hudson,915,513
2256,Hudson,3034,1175
2257,Hudson,1475,568
2258,Marlborough,15,4
2259,Marlborough,1938,533
2260,Marlborough,248,78
2261,Marlborough,425,214
2262,Marlborough,255,32
2263,Marlborough,423,148
2264,Marlborough,861,419
2265,Marlborough,0,0
2266,Marlborough,1409,571
2267,Marlborough,1414,592
2268,Marlborough,498,234
2269,Marlborough,2193,953
2270,Marlborough,2133,888
2271,Marlborough,1741,693
2272,Marlborough,905,374
2273,Marlborough,1877,651
2274,Marlborough,3383,1424
2275,Marlborough,2306,999
2276,Marlborough,1955,896
2277,Marlborough,2016,874
2278,Marlborough,1777,757
2279,Marlborough,2741,1162
2280,Marlborough,1958,898
2281,Marlborough,2839,1178
2282,Marlborough,1384,614
2283,Marlborough,1376,578
2284,Marlborough,3695,1377
2285,Marlborough,1935,826
2286,Marlborough,2527,1133
2287,Southborough,1252,441
2288,Southborough,1382,578
2289,Southborough,1104,375
2290,Southborough,1149,452
2291,Southborough,1202,481
2292,Southborough,929,375
2293,Southborough,1348,516
2294,Southborough,2721,1046
2295,Hopkinton,2233,813
2296,Hopkinton,2240,860
2297,Hopkinton,843,352
2298,Hopkinton,2664,1061
2299,Hopkinton,2915,1156
2300,Hopkinton,2338,1003
2301,Hopkinton,3805,1471
2341,Medway,3031,1252
2342,Medway,3446,1297
2343,Medway,1891,663
2344,Medway,2089,922
2345,Medway,3249,1464
2346,Franklin,2973,1139
2347,Franklin,2889,1081
2348,Franklin,3202,1177
2349,Franklin,3423,1307
2350,Franklin,1253,346
2351,Franklin,928,304
2352,Franklin,1201,402
2353,Franklin,8,2
2354,Franklin,1067,412
2355,Franklin,1021,395
2356,Franklin,1671,690
2357,Franklin,859,371
2358,Franklin,1128,452
2359,Franklin,1814,694
2360,Franklin,99,39
2361,Franklin,527,219
2362,Franklin,1453,553
2363,Franklin,1161,412
2364,Franklin,1333,601
2365,Franklin,2774,1245
2366,Franklin,1102,431
2367,Franklin,3215,1483
2368,Milford,2222,988
2369,Milford,2985,1298
2370,Milford,2590,1084
2371,Milford,3108,1385
2372,Milford,2339,1110
2373,Milford,1375,622
2374,Milford,1277,551
2375,Milford,1590,752
2376,Milford,2437,1056
2377,Milford,1116,476
2378,Milford,1114,489
2379,Milford,522,213
2380,Milford,2115,920
2381,Milford,411,174
2382,Milford,126,42
2383,Milford,1397,530
2384,Milford,2335,1114
2385,Milford,1051,396
2386,Milford,780,326
2387,Bellingham,1748,742
2388,Bellingham,0,0
2389,Bellingham,0,0
2390,Bellingham,4116,1918
2391,Bellingham,1894,848
2392,Bellingham,2285,973
2393,Bellingham,2217,1000
2394,Bellingham,1488,642
2395,Bellingham,1391,540
2396,Bellingham,1813,758
2417,Foxborough,606,268
2418,Foxborough,1619,712
2419,Foxborough,2599,1263
2420,Foxborough,1928,900
2421,Foxborough,2208,1016
2422,Foxborough,1310,596
2423,Foxborough,3152,1457
2424,Foxborough,1438,646
2425,Foxborough,3676,1498
2456,Wrentham,1812,753
2457,Wrentham,2490,1075
2458,Wrentham,1041,288
2459,Wrentham,2846,979
2460,Wrentham,1632,812
2461,Wrentham,110,38
2462,Wrentham,2725,1037
2636,Marshfield,3434,1481
2637,Marshfield,3696,1566
2638,Marshfield,2573,1138
2639,Marshfield,3581,1411
2640,Marshfield,2454,1134
2641,Marshfield,2573,1052
2642,Marshfield,1500,652
2643,Marshfield,2008,807
2644,Marshfield,2858,1318
2645,Marshfield,2640,1110
